symbol,name,added,removed,added_bound,removed_bound,added_source,removed_source
A,Agilent Technologies,2000-06-05,,exact,,wikipedia,
AA,Alcoa,,2016-11-01,,exact,,wikipedia
AAL,American Airlines Group,2015-03-23,2024-09-23,exact,exact,wikipedia,wikipedia
AAP,Advance Auto Parts,2015-07-08,2023-08-25,exact,exact,wikipedia,wikipedia
AAPL,Apple Inc.,1982-11-30,,exact,,wikipedia,
ABBV,AbbVie,2012-12-31,,exact,,wikipedia,
ABC,AmerisourceBergen Corp.,,2023-09-30,,no_later_than,,edgar
ABK,Ambac Financial,2000-12-05,2008-06-10,exact,exact,wikipedia,wikipedia
ABMD,Abiomed,2018-05-31,2022-12-22,exact,exact,wikipedia,wikipedia
ABNB,Airbnb,2023-09-18,,exact,,wikipedia,
ABS,Albertsons,,2006-06-02,,exact,,wikipedia
ABT,Abbott Laboratories,1957-03-04,,exact,,wikipedia,
ACAS,American Capital,,2009-03-03,,exact,,wikipedia
ACE,Chubb,,2016-01-19,,exact,,wikipedia
ACGL,Arch Capital Group,2022-11-01,,exact,,wikipedia,
ACI,Albertson’s Inc.,,2006-06-30,,no_later_than,,edgar
ACN,Accenture,2011-07-06,,exact,,wikipedia,
ACS,Affiliated Computer Services Inc. Class A(1),,2010-03-31,,no_later_than,,edgar
ACT,Actavis,1999-04-12,2013-12-31,exact,no_later_than,wikipedia,edgar
ACV,Alberto-Culver Co.,,2006-12-31,,no_later_than,,edgar
ADBE,Adobe Inc.,1997-05-05,,exact,,wikipedia,
ADCT,ADC Telecommunications,,2007-07-02,,exact,,wikipedia
ADI,Analog Devices,1999-10-12,,exact,,wikipedia,
ADM,Archer Daniels Midland,1957-03-04,,exact,,wikipedia,
ADP,Automatic Data Processing,1981-03-31,,exact,,wikipedia,
ADS,Alliance Data Systems,2013-12-23,2020-06-22,exact,exact,wikipedia,wikipedia
ADSK,Autodesk,1989-12-01,,exact,,wikipedia,
ADT,ADT,2012-10-01,2016-05-03,exact,exact,wikipedia,wikipedia
AEE,Ameren,1991-09-19,,exact,,wikipedia,
AEP,American Electric Power,1957-03-04,,exact,,wikipedia,
AES,AES Corporation,1998-10-02,,exact,,wikipedia,
AET,Aetna,,2018-12-03,,exact,,wikipedia
AFL,Aflac,1999-05-28,,exact,,wikipedia,
AGN,Allergan,,2015-03-23,,exact,,wikipedia
AGN,Allergan,,2020-05-12,,exact,,wikipedia
AGN,Allergan Inc.,2015-06-30,2020-06-30,no_later_than,no_later_than,edgar,edgar
AIG,American International Group,1980-03-31,,exact,,wikipedia,
AIV,Aimco,,2020-12-21,,exact,,wikipedia
AIZ,Assurant,2007-04-10,,exact,,wikipedia,
AJG,Arthur J. Gallagher & Co.,2016-05-31,,exact,,wikipedia,
AKAM,Akamai Technologies,2007-07-12,,exact,,wikipedia,
AKS,AK Steel,2008-07-01,2011-12-16,exact,exact,wikipedia,wikipedia
ALB,Albemarle Corporation,2016-07-01,,exact,,wikipedia,
ALGN,Align Technology,2017-06-19,,exact,,wikipedia,
ALK,Alaska Air Group,2016-05-13,2023-12-18,exact,exact,wikipedia,wikipedia
ALL,Allstate,1995-07-13,,exact,,wikipedia,
ALLE,Allegion,2013-12-02,,exact,,wikipedia,
ALTR,Altera,,2015-12-29,,exact,,wikipedia
ALXN,Alexion Pharmaceuticals,2012-05-21,2021-07-21,exact,exact,wikipedia,wikipedia
AMAT,Applied Materials,1995-03-16,,exact,,wikipedia,
AMBC,Ambac Financial Group Inc.,,2008-06-30,,no_later_than,,edgar
AMCC,Applied Micro Circuits Corp.(1),,2006-06-30,,no_later_than,,edgar
AMCR,Amcor,2019-06-07,,exact,,wikipedia,
AMD,Advanced Micro Devices,,2013-09-20,,exact,,wikipedia
AMD,Advanced Micro Devices,2017-03-20,,exact,,wikipedia,
AME,Ametek,2013-09-23,,exact,,wikipedia,
AMG,Affiliated Managers Group,2014-07-01,2019-12-23,exact,exact,wikipedia,wikipedia
AMGN,Amgen,1992-01-02,,exact,,wikipedia,
AMP,Ameriprise Financial,2005-10-03,,exact,,wikipedia,
AMT,American Tower,2007-11-19,,exact,,wikipedia,
AMTM,Amentum,2024-09-30,2024-12-23,exact,exact,wikipedia,wikipedia
AMZN,Amazon,2005-11-18,,exact,,wikipedia,
AN,AutoNation,,1998-12-11,,exact,,wikipedia
AN,AutoNation,,2017-08-08,,exact,,wikipedia
ANDV,Andeavor,2017-09-30,2018-10-01,no_later_than,exact,edgar,wikipedia
ANET,Arista Networks,2018-08-28,,exact,,wikipedia,
ANF,Abercrombie & Fitch,2007-03-31,2013-12-23,no_later_than,exact,edgar,wikipedia
ANR,Alpha Natural Resources,2011-06-01,2012-10-02,exact,exact,wikipedia,wikipedia
ANSS,Ansys,2017-06-19,2025-07-18,exact,exact,wikipedia,wikipedia
ANTM,Anthem Inc.,2014-12-31,2022-06-30,no_later_than,no_later_than,edgar,edgar
AON,Aon plc,1996-04-23,,exact,,wikipedia,
AOS,A. O. Smith,2017-07-26,,exact,,wikipedia,
APA,APA Corporation,1997-07-28,,exact,,wikipedia,
APC,Anadarko Petroleum,,2019-08-09,,exact,,wikipedia
APD,Air Products,1985-04-30,,exact,,wikipedia,
APGI,American Power Conversion Corp.,,2007-03-31,,no_later_than,,edgar
APH,Amphenol,2008-09-30,,exact,,wikipedia,
APO,Apollo Global Management,2024-12-23,,exact,,wikipedia,
APOL,Apollo Education Group,,2013-07-01,,exact,,wikipedia
APP,AppLovin,2025-09-22,,exact,,wikipedia,
APTV,Aptiv,2012-12-24,,exact,,wikipedia,
ARE,Alexandria Real Estate Equities,2017-03-20,,exact,,wikipedia,
ARES,Ares Management,2025-12-11,,exact,,wikipedia,
ARG,Airgas,2009-09-28,2016-05-23,exact,exact,wikipedia,wikipedia
ARNC,Arconic,2016-11-01,2020-04-01,exact,exact,wikipedia,wikipedia
ASH,Ashland Inc.,,2008-12-31,,no_later_than,,edgar
ATI,Allegheny Technologies,,2015-07-02,,exact,,wikipedia
ATO,Atmos Energy,2019-02-15,,exact,,wikipedia,
ATVI,Activision Blizzard,2015-08-28,2023-10-18,exact,exact,wikipedia,wikipedia
AV,Avaya,,2007-10-26,,exact,,wikipedia
AVB,AvalonBay Communities,2007-01-10,2026-08-18,exact,exact,wikipedia,wikipedia
AVGO,Broadcom,2014-05-08,,exact,,wikipedia,
AVP,Avon Products,,2015-03-23,,exact,,wikipedia
AVY,Avery Dennison,1987-12-31,,exact,,wikipedia,
AWK,American Water Works,2016-03-04,,exact,,wikipedia,
AXON,Axon Enterprise,2023-05-04,,exact,,wikipedia,
AXP,American Express,1976-06-30,,exact,,wikipedia,
AYE,Allegheny Energy,,1976-07-01,,exact,,wikipedia
AYE,Allegheny Energy,2000-12-05,2011-02-25,exact,exact,wikipedia,wikipedia
AYI,Acuity Brands,2016-05-03,2018-06-18,exact,exact,wikipedia,wikipedia
AZO,AutoZone,1997-01-02,,exact,,wikipedia,
BA,Boeing,1957-03-04,,exact,,wikipedia,
BAC,Bank of America,1976-06-30,,exact,,wikipedia,
BALL,Ball Corporation,1984-10-31,,exact,,wikipedia,
BAX,Baxter International,1972-09-30,,exact,,wikipedia,
BBBY,Bed Bath & Beyond,,2017-07-26,,exact,,wikipedia
BBT,BB&T Corp.,,2019-12-31,,no_later_than,,edgar
BBWI,"Bath & Body Works, Inc.",,2024-10-01,,exact,,wikipedia
BBWI,Limited Brands Inc.,2021-09-30,2024-12-31,no_later_than,no_later_than,edgar,edgar
BBY,Best Buy,1999-06-29,,exact,,wikipedia,
BC,Brunswick,,2008-06-23,,exact,,wikipedia
BCR,CR Bard,,2018-01-03,,exact,,wikipedia
BDK,Black & Decker Corp.,,2010-03-31,,no_later_than,,edgar
BDX,Becton Dickinson,1972-09-30,,exact,,wikipedia,
BEAM,Suntory Global Spirits,2011-12-31,2014-05-01,no_later_than,exact,edgar,wikipedia
BEN,Franklin Resources,1998-04-30,,exact,,wikipedia,
BF-B,Brown–Forman,1982-10-31,,exact,,wikipedia,
BG,Bunge Global,2023-03-15,,exact,,wikipedia,
BHF,Brighthouse Financial,2017-08-08,2019-04-02,exact,exact,wikipedia,wikipedia
BHGE,Baker Hughes a GE Co.,2017-09-30,2019-12-31,no_later_than,no_later_than,edgar,edgar
BHI,Baker Hughes,,2017-07-07,,exact,,wikipedia
BIG,Big Lots,,2013-02-15,,exact,,wikipedia
BIIB,Biogen,2003-11-13,,exact,,wikipedia,
BIO,Bio-Rad Laboratories,2020-06-22,2024-09-23,exact,exact,wikipedia,wikipedia
BJS,BJ Services,,2010-04-29,,exact,,wikipedia
BKNG,Booking Holdings,2009-11-06,,exact,,wikipedia,
BKR,Baker Hughes,2017-07-07,,exact,,wikipedia,
BLCO,Bausch & Lomb Inc.,,2007-12-31,,no_later_than,,edgar
BLD,TopBuild Corp.,2015-06-30,2015-09-30,no_later_than,no_later_than,edgar,edgar
BLDR,Builders FirstSource,2023-12-18,,exact,,wikipedia,
BLK,BlackRock,2011-04-04,,exact,,wikipedia,
BLL,Ball Corp,2019-09-30,2022-06-30,no_later_than,no_later_than,edgar,edgar
BMC,BMC Software,,2013-09-10,,exact,,wikipedia
BMS,Bemis,,2014-12-05,,exact,,wikipedia
BMS,Bemis,2019-06-07,2019-06-11,exact,exact,wikipedia,wikipedia
BMY,Bristol Myers Squibb,1957-03-04,,exact,,wikipedia,
BNY,BNY Mellon,1995-03-31,,exact,,wikipedia,
BR,Broadridge Financial Solutions Inc.,2007-03-31,2007-06-30,no_later_than,no_later_than,edgar,edgar
BR,Broadridge Financial Solutions,2018-06-18,,exact,,wikipedia,
BRCM,Broadcom Corporation,,2016-02-01,,exact,,wikipedia
BRK-B,Berkshire Hathaway,2010-02-16,,exact,,wikipedia,
BRO,Brown & Brown,2021-09-20,,exact,,wikipedia,
BS,Bethlehem Steel,,2000-12-05,,exact,,wikipedia
BSX,Boston Scientific,1995-02-24,,exact,,wikipedia,
BTU,Peabody Energy,2006-12-31,2014-09-20,no_later_than,exact,edgar,wikipedia
BUD,Anheuser Busch,1976-07-01,unknown,exact,,wikipedia,
BWA,BorgWarner,2011-12-16,2025-03-24,exact,exact,wikipedia,wikipedia
BX,Blackstone Inc.,2023-09-18,,exact,,wikipedia,
BXLT,Baxalta,2015-07-01,2016-06-03,exact,exact,wikipedia,wikipedia
BXP,"BXP, Inc.",2006-04-03,,exact,,wikipedia,
C,Citigroup,1988-05-31,,exact,,wikipedia,
CA,CA Technologies,2006-03-31,2018-11-06,no_later_than,exact,edgar,wikipedia
CAG,Conagra Brands,,2026-06-30,,exact,,wikipedia
CAH,Cardinal Health,1997-05-27,,exact,,wikipedia,
CAM,Cameron International,2008-03-31,2016-04-04,no_later_than,exact,edgar,wikipedia
CAR,Cendant Corp.,,2006-09-30,,no_later_than,,edgar
CARR,Carrier Global,2020-04-03,,exact,,wikipedia,
CASY,Casey's,2026-04-09,,exact,,wikipedia,
CAT,Caterpillar Inc.,1957-03-04,,exact,,wikipedia,
CB,Chubb Limited,2010-07-15,,exact,,wikipedia,
CBE,Cooper Industries,,2009-09-28,,exact,,wikipedia
CBE,Cooper Industries,2011-11-18,2012-12-03,exact,exact,wikipedia,wikipedia
CBOE,Cboe Global Markets,2017-03-01,,exact,,wikipedia,
CBRE,CBRE Group,2006-11-10,,exact,,wikipedia,
CBS,CBS Corp. Class B,2006-03-31,2019-12-31,no_later_than,no_later_than,edgar,edgar
CC,Chemours Co. (The),2015-06-30,2015-09-30,no_later_than,no_later_than,edgar,edgar
CCE,Coca-Cola Enterprises,,2016-05-31,,exact,,wikipedia
CCI,Crown Castle,2012-03-14,,exact,,wikipedia,
CCK,Crown Holdings,,2000-12-05,,exact,,wikipedia
CCL,Carnival Corporation,1998-12-22,,exact,,wikipedia,
CCO,Clear Channel Communications Inc.,,2008-09-30,,no_later_than,,edgar
CCR,Countrywide Credit Industries,1997-06-17,unknown,exact,,wikipedia,
CCTYQ,Circuit City Stores Inc.,,2008-03-31,,no_later_than,,edgar
CDAY,Ceridian,2021-09-20,2024-02-01,exact,exact,wikipedia,wikipedia
CDK,CDK Global Inc.,2014-09-30,2014-12-31,no_later_than,no_later_than,edgar,edgar
CDNS,Cadence Design Systems,2017-09-18,,exact,,wikipedia,
CDW,CDW Corporation,2019-09-23,,exact,,wikipedia,
CE,Celanese,2018-12-24,2025-03-24,exact,exact,wikipedia,wikipedia
CEG,Constellation Energy,,2012-03-13,,exact,,wikipedia
CEG,Constellation Energy,2022-02-02,,exact,,wikipedia,
CEIX,CONSOL Energy Inc.,2006-06-30,2016-03-31,no_later_than,no_later_than,edgar,edgar
CELG,Celgene,2006-12-31,2019-11-21,no_later_than,exact,edgar,wikipedia
CEPH,Cephalon,2008-12-31,2011-10-14,no_later_than,exact,edgar,wikipedia
CERN,Cerner,2010-04-29,2022-06-08,exact,exact,wikipedia,wikipedia
CF,CF Industries,2008-08-27,,exact,,wikipedia,
CFC,Countrywide Financial Corp,,2008-07-01,,exact,,wikipedia
CFG,Citizens Financial Group,2016-01-29,,exact,,wikipedia,
CFN,Carefusion,2009-09-30,2015-03-18,no_later_than,exact,edgar,wikipedia
CHD,Church & Dwight,2015-12-29,,exact,,wikipedia,
CHK,Chesapeake Energy,2006-03-31,2018-03-19,no_later_than,exact,edgar,wikipedia
CHRW,C.H. Robinson,2007-03-02,,exact,,wikipedia,
CHTR,Charter Communications,2016-09-08,,exact,,wikipedia,
CI,Cigna,1976-06-30,,exact,,wikipedia,
CIEN,Ciena,,2009-12-18,,exact,,wikipedia
CIEN,Ciena,2026-02-09,,exact,,wikipedia,
CINF,Cincinnati Financial,1997-12-18,,exact,,wikipedia,
CIT,CIT Group Inc.,,2009-09-30,,no_later_than,,edgar
CL,Colgate-Palmolive,1957-03-04,,exact,,wikipedia,
CLF,Cliffs Natural Resources,2009-12-18,2014-04-02,exact,exact,wikipedia,wikipedia
CLX,Clorox,1969-03-31,,exact,,wikipedia,
CMA,Comerica,,2024-06-24,,exact,,wikipedia
CMCSA,Comcast,2002-11-19,,exact,,wikipedia,
CMCSK,Comcast Series K,2015-09-18,2015-12-15,exact,exact,wikipedia,wikipedia
CME,CME Group,2006-08-11,,exact,,wikipedia,
CMG,Chipotle Mexican Grill,2011-04-28,,exact,,wikipedia,
CMI,Cummins,1965-03-31,,exact,,wikipedia,
CMS,CMS Energy,1957-03-04,,exact,,wikipedia,
CMVT,Comverse Technology Inc.(1),,2007-03-31,,no_later_than,,edgar
CNC,Centene Corporation,2016-03-30,,exact,,wikipedia,
CNP,CenterPoint Energy,1985-07-31,,exact,,wikipedia,
CNX,Consol Energy,,2016-03-04,,exact,,wikipedia
COF,Capital One,1998-07-01,,exact,,wikipedia,
COG,Cabot Oil & Gas,2008-06-23,2021-12-31,exact,no_later_than,wikipedia,edgar
COHR,Coherent Corp.,2026-03-23,,exact,,wikipedia,
COIN,Coinbase,2025-05-19,,exact,,wikipedia,
COL,Rockwell Collins,,2018-12-03,,exact,,wikipedia
COO,Cooper Companies (The),2016-09-23,,exact,,wikipedia,
COP,ConocoPhillips,1957-03-04,,exact,,wikipedia,
COR,Cencora,2001-08-30,,exact,,wikipedia,
COST,Costco,1993-10-01,,exact,,wikipedia,
COTY,Coty,2016-09-30,2020-09-21,exact,exact,wikipedia,wikipedia
COV,Covidien,2007-09-30,2009-06-05,no_later_than,exact,edgar,wikipedia
COV,Covidien,2011-02-28,2015-01-27,exact,exact,wikipedia,wikipedia
CPAY,Corpay,2018-06-20,,exact,,wikipedia,
CPB,Campbell's,,2026-06-22,,exact,,wikipedia
CPGX,Columbia Pipeline Group,2015-07-02,2016-07-05,exact,exact,wikipedia,wikipedia
CPRI,Capri Holdings,2013-12-31,2020-05-12,no_later_than,exact,edgar,wikipedia
CPRT,Copart,2018-07-02,,exact,,wikipedia,
CPT,Camden Property Trust,2022-04-04,,exact,,wikipedia,
CPWR,Compuware,1998-12-11,2011-12-31,exact,exact,wikipedia,wikipedia
CRH,CRH plc,2025-12-22,,exact,,wikipedia,
CRL,Charles River Laboratories,2021-05-14,,exact,,wikipedia,
CRM,Salesforce,2008-09-15,,exact,,wikipedia,
CRWD,CrowdStrike,2024-06-24,,exact,,wikipedia,
CSC,Computer Sciences Corporation,,2015-12-01,,exact,,wikipedia
CSCO,Cisco,1993-12-01,,exact,,wikipedia,
CSGP,CoStar Group,2022-09-19,,exact,,wikipedia,
CSRA,CSRA,2015-12-01,2018-04-04,exact,exact,wikipedia,wikipedia
CSX,CSX Corporation,1957-03-04,,exact,,wikipedia,
CTAS,Cintas,2001-03-01,,exact,,wikipedia,
CTB,Cooper Tire & Rubber Co.,,2006-09-30,,no_later_than,,edgar
CTL,CenturyLink Inc,2019-09-30,2020-09-30,no_later_than,no_later_than,edgar,edgar
CTLT,Catalent,2020-09-21,2024-12-23,exact,exact,wikipedia,wikipedia
CTRA,Coterra Energy,2021-12-31,2026-05-07,no_later_than,exact,edgar,wikipedia
CTSH,Cognizant,2006-11-17,,exact,,wikipedia,
CTVA,Corteva,2019-06-03,,exact,,wikipedia,
CTX,Centex Corp.,,2009-08-19,,exact,,wikipedia
CTXS,Citrix Systems,,2022-10-03,,exact,,wikipedia
CVC,Cablevision Systems,2010-12-17,2016-06-22,exact,exact,wikipedia,wikipedia
CVG,Convergys,2000-06-12,2009-12-18,exact,exact,wikipedia,wikipedia
CVH,Coventry Health Care,,2013-05-08,,exact,,wikipedia
CVNA,Carvana,2025-12-22,,exact,,wikipedia,
CVS,CVS Health,1957-03-04,,exact,,wikipedia,
CVSA,DeVry Inc.,2009-06-30,2012-09-30,no_later_than,no_later_than,edgar,edgar
CVX,Chevron Corporation,1957-03-04,,exact,,wikipedia,
CXO,Concho Resources,2016-02-22,2021-01-21,exact,exact,wikipedia,wikipedia
CZR,Caesars Entertainment,2021-03-22,2025-09-22,exact,exact,wikipedia,wikipedia
D,Dominion Energy,2016-11-30,,exact,,wikipedia,
DAL,Delta Air Lines,2013-09-11,,exact,,wikipedia,
DAN,Dana Corp.,,2006-03-31,,no_later_than,,edgar
DASH,DoorDash,2025-03-24,,exact,,wikipedia,
DAY,Dayforce,2024-02-01,2026-02-09,exact,exact,wikipedia,wikipedia
DD,DuPont,,2017-09-01,,exact,,wikipedia
DD,DuPont,2019-06-03,,exact,,wikipedia,
DDOG,Datadog,2025-07-09,,exact,,wikipedia,
DDR,Developers Diversified Realty Corp.,2007-03-31,2009-03-31,no_later_than,no_later_than,edgar,edgar
DDS,Dillard’s Inc. Class A,,2008-12-31,,no_later_than,,edgar
DE,Deere & Company,1957-03-04,,exact,,wikipedia,
DECK,Deckers Brands,2024-03-18,,exact,,wikipedia,
DELL,Dell Technologies,,2013-10-29,,exact,,wikipedia
DELL,Dell Technologies,2024-09-23,,exact,,wikipedia,
DF,Dean Foods,2006-03-31,2013-05-23,no_later_than,exact,edgar,wikipedia
DFS,Discover Financial,2007-07-02,2025-05-19,exact,exact,wikipedia,wikipedia
DG,Dollar General Corp.,,2007-09-30,,no_later_than,,edgar
DG,Dollar General,2012-12-03,,exact,,wikipedia,
DGX,Quest Diagnostics,2002-12-12,,exact,,wikipedia,
DHI,D. R. Horton,2005-06-22,,exact,,wikipedia,
DHR,Danaher Corporation,1998-11-18,,exact,,wikipedia,
DIS,Walt Disney Company (The),1976-06-30,,exact,,wikipedia,
DISCA,"Discovery, Inc.",2019-09-30,2022-04-11,no_later_than,exact,edgar,wikipedia
DISCK,"Discovery, Inc.",2014-08-06,2022-04-11,exact,exact,wikipedia,wikipedia
DISH,Dish Network,2017-03-13,2023-06-20,exact,exact,wikipedia,wikipedia
DJ,Dow Jones,,2007-12-13,,exact,,wikipedia
DLPH,Delphi Automotive,2012-12-21,unknown,exact,,wikipedia,
DLR,Digital Realty,2016-05-18,,exact,,wikipedia,
DLTR,Dollar Tree,2011-12-19,,exact,,wikipedia,
DNB,Dun & Bradstreet,2008-12-31,2017-04-05,no_later_than,exact,edgar,wikipedia
DNR,Denbury Resources,2009-06-30,2015-03-23,no_later_than,exact,edgar,wikipedia
DO,Diamond Offshore Drilling,2009-03-31,2016-09-30,no_later_than,exact,edgar,wikipedia
DOC,Healthpeak Properties,2008-03-31,,exact,,wikipedia,
DOV,Dover Corporation,1985-10-31,,exact,,wikipedia,
DOW,Dow Inc.,,2017-09-01,,exact,,wikipedia
DOW,Dow Inc.,2019-04-01,,exact,,wikipedia,
DPS,Dr Pepper Snapple Group,,2018-07-02,,exact,,wikipedia
DPZ,Domino's,2020-05-12,,exact,,wikipedia,
DRE,Duke Realty,2017-07-26,2022-10-03,exact,exact,wikipedia,wikipedia
DRI,Darden Restaurants,1995-05-31,,exact,,wikipedia,
DTE,DTE Energy,1957-03-04,,exact,,wikipedia,
DTV,DirecTV,2006-12-31,2015-07-29,no_later_than,exact,edgar,wikipedia
DUK,Duke Energy,1976-06-30,,exact,,wikipedia,
DV,DeVry,,2012-10-01,,exact,,wikipedia
DVA,DaVita,2008-07-31,,exact,,wikipedia,
DVN,Devon Energy,2000-08-30,,exact,,wikipedia,
DWDP,DuPont,2017-09-01,2019-06-03,exact,exact,wikipedia,wikipedia
DXC,DXC Technology,2017-04-04,2023-10-03,exact,exact,wikipedia,wikipedia
DXCM,Dexcom,2020-05-12,,exact,,wikipedia,
DYN,Dynegy,,2009-12-18,,exact,,wikipedia
EA,Electronic Arts,,2026-08-05,,exact,,wikipedia
EBAY,eBay Inc.,2002-07-22,,exact,,wikipedia,
ECHO,EchoStar,2026-03-23,,exact,,wikipedia,
ECL,Ecolab,1989-01-31,,exact,,wikipedia,
ED,Consolidated Edison,1957-03-04,,exact,,wikipedia,
EFX,Equifax,1997-06-19,,exact,,wikipedia,
EG,Everest Group,2017-06-19,,exact,,wikipedia,
EIX,Edison International,1957-03-04,,exact,,wikipedia,
EK,Eastman Kodak,,2010-12-17,,exact,,wikipedia
EL,Estée Lauder Companies (The),2006-01-05,,exact,,wikipedia,
ELV,Elevance Health,2002-07-25,,exact,,wikipedia,
EMC,EMC Corporation,,2016-09-08,,exact,,wikipedia
EME,Emcor,2025-09-22,,exact,,wikipedia,
EMN,Eastman Chemical Co.,,2025-11-04,,exact,,wikipedia
EMR,Emerson Electric,1965-03-31,,exact,,wikipedia,
ENDP,Endo International,2015-01-27,2017-03-02,exact,exact,wikipedia,wikipedia
ENPH,Enphase Energy,2021-01-07,2025-09-22,exact,exact,wikipedia,wikipedia
EOG,EOG Resources,2000-11-02,,exact,,wikipedia,
EP,El Paso Corporation,,2012-05-17,,exact,,wikipedia
EPAM,EPAM Systems,2021-12-14,2026-06-02,exact,exact,wikipedia,wikipedia
EQIX,Equinix,2015-03-20,,exact,,wikipedia,
EQT,EQT Corporation,2008-12-31,2018-11-13,no_later_than,exact,edgar,wikipedia
EQT,EQT Corporation,2022-10-03,,exact,,wikipedia,
ERIE,Erie Indemnity,2024-09-23,,exact,,wikipedia,
ES,Eversource Energy,2009-07-24,,exact,,wikipedia,
ESRX,Express Scripts,2003-09-25,2018-12-24,exact,exact,wikipedia,wikipedia
ESS,Essex Property Trust,2014-04-02,,exact,,wikipedia,
ESV,Ensco,2012-07-31,2016-03-30,exact,exact,wikipedia,wikipedia
ETFC,E-Trade,,2020-10-07,,exact,,wikipedia
ETN,Eaton Corporation,1957-03-04,,exact,,wikipedia,
ETR,Entergy,1957-03-04,,exact,,wikipedia,
ETSY,Etsy,2020-09-21,2024-09-23,exact,exact,wikipedia,wikipedia
EVHC,Envision Healthcare,2016-12-02,2018-10-11,exact,exact,wikipedia,wikipedia
EVRG,Evergy,2018-06-05,,exact,,wikipedia,
EW,Edwards Lifesciences,2011-04-01,,exact,,wikipedia,
EXC,Exelon,1957-03-04,,exact,,wikipedia,
EXE,Expand Energy,2025-03-24,,exact,,wikipedia,
EXPD,Expeditors International,2007-10-10,,exact,,wikipedia,
EXPE,Expedia Group,2007-10-02,,exact,,wikipedia,
EXR,Extra Space Storage,2016-01-19,,exact,,wikipedia,
F,Ford Motor Company,1957-03-04,,exact,,wikipedia,
FANG,Diamondback Energy,2018-12-03,,exact,,wikipedia,
FAST,Fastenal,2008-09-15,,exact,,wikipedia,
FB,Facebook,2013-12-23,2022-06-30,exact,no_later_than,wikipedia,edgar
FBHS,Fortune Brands Home & Security,2016-06-22,2022-12-19,exact,exact,wikipedia,wikipedia
FCX,Freeport-McMoRan,2011-07-01,,exact,,wikipedia,
FDC,First Data,,2007-09-26,,exact,,wikipedia
FDO,Family Dollar,,2015-07-08,,exact,,wikipedia
FDS,FactSet,2021-12-20,,exact,,wikipedia,
FDX,FedEx,1980-12-31,,exact,,wikipedia,
FDXF,FedEx Freight,2026-06-01,,exact,,wikipedia,
FE,FirstEnergy,1997-11-28,,exact,,wikipedia,
FERG,Ferguson Enterprises,2026-08-05,,exact,,wikipedia,
FFIV,"F5, Inc.",2010-12-20,,exact,,wikipedia,
FHN,First Horizon,,2013-06-21,,exact,,wikipedia
FI,"Fiserv, Inc.",2023-06-30,2025-12-31,no_later_than,no_later_than,edgar,edgar
FICO,Fair Isaac,2023-03-20,,exact,,wikipedia,
FII,Federated Investors,,2013-01-02,,exact,,wikipedia
FIS,Fidelity National Information Services,2006-11-10,,exact,,wikipedia,
FISV,Fiserv,2001-04-02,,exact,,wikipedia,
FITB,Fifth Third Bancorp,1996-03-29,,exact,,wikipedia,
FIX,Comfort Systems USA,2025-12-22,,exact,,wikipedia,
FL,Foot Locker,2016-04-04,2019-08-09,exact,exact,wikipedia,wikipedia
FLEX,Flex Ltd.,2026-06-22,,exact,,wikipedia,
FLIR,FLIR Systems,2008-12-31,2021-05-14,no_later_than,exact,edgar,wikipedia
FLR,Fluor Corporation,,2019-06-03,,exact,,wikipedia
FLS,Flowserve,2008-12-31,2021-03-22,no_later_than,exact,edgar,wikipedia
FLT,FLEETCOR Technologies,2018-06-20,2024-03-25,exact,exact,wikipedia,wikipedia
FMC,FMC Corporation,2009-08-19,2025-03-24,exact,exact,wikipedia,wikipedia
FNM,Fannie Mae,,2008-09-12,,exact,,wikipedia
FOSL,Fossil Group,2012-04-03,2016-01-05,exact,exact,wikipedia,wikipedia
FOX,Fox Corporation (Class B),2015-09-18,2019-03-19,exact,exact,wikipedia,wikipedia
FOX,Fox Corporation (Class B),2019-03-19,,exact,,wikipedia,
FOXA,Fox Corporation (Class A),,2019-03-19,,exact,,wikipedia
FOXA,Fox Corporation (Class A),2019-03-19,,exact,,wikipedia,
FRC,First Republic Bank,2019-01-02,2023-05-04,exact,exact,wikipedia,wikipedia
FRE,Freddie Mac,,2008-09-12,,exact,,wikipedia
FRT,Federal Realty Investment Trust,2016-02-01,,exact,,wikipedia,
FRX,Forest Laboratories,,2014-07-01,,exact,,wikipedia
FSL,Freescale Semiconductor Inc. Class B(1),,2006-12-31,,no_later_than,,edgar
FSLR,First Solar,2009-12-31,2017-03-20,no_later_than,exact,edgar,wikipedia
FSLR,First Solar,2022-12-19,,exact,,wikipedia,
FSR,Firstar,1998-12-11,unknown,exact,,wikipedia,
FTI,TechnipFMC,2009-06-05,2021-02-12,exact,exact,wikipedia,wikipedia
FTNT,Fortinet,2018-10-11,,exact,,wikipedia,
FTR,Frontier Communications,2008-09-30,2017-03-20,no_later_than,exact,edgar,wikipedia
FTV,Fortive,2016-07-01,,exact,,wikipedia,
GAP,Gap Inc. (The),,2019-09-30,,no_later_than,,edgar
GAS,AGL Resources,,2011-12-12,,exact,,wikipedia
GAS,AGL Resources,2011-12-12,2016-07-01,exact,exact,wikipedia,wikipedia
GCI,Gannett Co. Inc.,,2015-06-30,,no_later_than,,edgar
GD,General Dynamics,1957-03-04,,exact,,wikipedia,
GDDY,GoDaddy,2024-06-24,,exact,,wikipedia,
GE,GE Aerospace,1957-03-04,,exact,,wikipedia,
GEHC,GE HealthCare,2023-01-04,,exact,,wikipedia,
GEN,Gen Digital,2003-03-25,,exact,,wikipedia,
GENZ,Genzyme,,2011-04-01,,exact,,wikipedia
GEV,GE Vernova,2024-04-02,,exact,,wikipedia,
GGP,GGP Inc.,2013-12-10,2018-08-28,exact,exact,wikipedia,wikipedia
GHC,Graham Holdings,2007-12-31,2014-09-20,no_later_than,exact,edgar,wikipedia
GILD,Gilead Sciences,2004-07-01,,exact,,wikipedia,
GIS,General Mills,1957-03-04,,exact,,wikipedia,
GL,Globe Life,1989-04-30,,exact,,wikipedia,
GLK,Great Lakes Chemical,,2005-07-01,,exact,,wikipedia
GLW,Corning Inc.,1995-02-27,,exact,,wikipedia,
GM,General Motors Corp.,,2009-06-30,,no_later_than,,edgar
GM,General Motors,2013-06-06,,exact,,wikipedia,
GMCR,Keurig Green Mountain,2014-03-21,2016-03-07,exact,exact,wikipedia,wikipedia
GME,GameStop,2007-12-13,2016-04-25,exact,exact,wikipedia,wikipedia
GNRC,Generac,2021-03-22,,exact,,wikipedia,
GNW,Genworth Financial,,2015-11-18,,exact,,wikipedia
GOOG,Alphabet Inc. (Class C),2014-04-03,,exact,,wikipedia,
GOOGL,Alphabet Inc. (Class A),2006-04-03,,exact,,wikipedia,
GPC,Genuine Parts Company,1973-12-31,,exact,,wikipedia,
GPN,Global Payments,2016-04-25,,exact,,wikipedia,
GPS,Gap,2019-09-30,2022-02-03,no_later_than,exact,edgar,wikipedia
GR,Goodrich Corporation,2006-09-30,2012-07-31,no_later_than,exact,edgar,wikipedia
GRA,WR Grace,,2000-12-05,,exact,,wikipedia
GRMN,Garmin,2012-12-12,,exact,,wikipedia,
GRN,General Re,,1998-12-11,,exact,,wikipedia
GS,Goldman Sachs,2002-07-22,,exact,,wikipedia,
GT,The Goodyear Tire & Rubber Company,,2019-02-27,,exact,,wikipedia
GWW,W. W. Grainger,1981-06-30,,exact,,wikipedia,
HAL,Halliburton,1957-03-04,,exact,,wikipedia,
HAR,Harman International,,2017-03-16,,exact,,wikipedia
HAS,Hasbro,1984-09-30,,exact,,wikipedia,
HBAN,Huntington Bancshares,1997-08-28,,exact,,wikipedia,
HBI,Hanesbrands,2015-03-23,2021-12-20,exact,exact,wikipedia,wikipedia
HCA,HCA Inc.,,2006-12-31,,no_later_than,,edgar
HCA,HCA Healthcare,2015-01-27,,exact,,wikipedia,
HCBK,Hudson City Bancorp,2007-03-31,2015-11-02,no_later_than,exact,edgar,wikipedia
HCP,HCP Inc.,2008-03-31,2019-12-31,no_later_than,no_later_than,edgar,edgar
HD,Home Depot (The),1988-03-31,,exact,,wikipedia,
HES,Hess Corporation,2006-06-30,2025-07-23,no_later_than,exact,edgar,wikipedia
HFC,HollyFrontier,2018-06-18,2021-06-04,exact,exact,wikipedia,wikipedia
HIG,Hartford (The),1957-03-04,,exact,,wikipedia,
HII,Huntington Ingalls Industries,2018-01-03,,exact,,wikipedia,
HLNQ,Hilton Hotels Corp.,,2007-12-31,,no_later_than,,edgar
HLT,Hilton Worldwide,2017-06-19,,exact,,wikipedia,
HNG,Houston Natural Gas,,1976-07-01,,exact,,wikipedia
HNZ,Heinz,,2013-06-06,,exact,,wikipedia
HOG,Harley-Davidson,,2020-06-22,,exact,,wikipedia
HOLX,Hologic,2016-03-30,2026-04-09,exact,exact,wikipedia,wikipedia
HON,Honeywell Technologies,1957-03-04,,exact,,wikipedia,
HONA,Honeywell Aerospace,2026-06-29,,exact,,wikipedia,
HOOD,Robinhood Markets,2025-09-22,,exact,,wikipedia,
HOT,Starwood Hotels and Resorts,,2016-09-22,,exact,,wikipedia
HP,Helmerich & Payne,2010-02-26,2020-05-22,exact,exact,wikipedia,wikipedia
HPE,Hewlett Packard Enterprise,2015-11-02,,exact,,wikipedia,
HPH,Harnischfeger Industries,,1999-06-09,,exact,,wikipedia
HPQ,HP Inc.,1974-12-31,,exact,,wikipedia,
HRB,H&R Block,,2020-09-21,,exact,,wikipedia
HRL,Hormel Foods,2009-03-04,,exact,,wikipedia,
HRS,Harris Corporation,2008-09-16,unknown,exact,,wikipedia,
HSIC,Henry Schein,2015-03-17,,exact,,wikipedia,
HSP,Hospira,,2015-09-02,,exact,,wikipedia
HST,Host Hotels & Resorts,2007-03-20,,exact,,wikipedia,
HSY,Hershey Company (The),1957-03-04,,exact,,wikipedia,
HUBB,Hubbell Incorporated,2023-10-18,,exact,,wikipedia,
HUM,Humana,2012-12-10,,exact,,wikipedia,
HWM,Howmet Aerospace,2016-10-21,,exact,,wikipedia,
IBKR,Interactive Brokers,2025-08-28,,exact,,wikipedia,
IBM,IBM,1957-03-04,,exact,,wikipedia,
ICE,Intercontinental Exchange,2007-09-26,,exact,,wikipedia,
IDXX,Idexx Laboratories,2017-01-05,,exact,,wikipedia,
IEX,IDEX Corporation,2019-08-09,,exact,,wikipedia,
IFF,International Flavors & Fragrances,1976-03-31,,exact,,wikipedia,
IGT,International Game Technology,,2014-06-20,,exact,,wikipedia
ILMN,"Illumina, Inc.",2015-11-19,2024-06-24,exact,exact,wikipedia,wikipedia
INCY,Incyte,2017-02-28,,exact,,wikipedia,
INFO,IHS Markit,2017-06-02,2022-03-02,exact,exact,wikipedia,wikipedia
INTC,Intel,1976-12-31,,exact,,wikipedia,
INTU,Intuit,2000-12-05,,exact,,wikipedia,
INVH,Invitation Homes,2022-09-19,,exact,,wikipedia,
IP,International Paper,1957-03-04,,exact,,wikipedia,
IPG,Interpublic Group,,2025-11-28,,exact,,wikipedia
IPGP,IPG Photonics,2018-03-07,2022-06-21,exact,exact,wikipedia,wikipedia
IQV,IQVIA,2017-08-29,,exact,,wikipedia,
IR,Ingersoll-Rand Co. Class A,,2009-06-30,,no_later_than,,edgar
IR,Ingersoll Rand,2020-03-03,,exact,,wikipedia,
IRM,Iron Mountain,2009-01-06,,exact,,wikipedia,
ISRG,Intuitive Surgical,2008-06-02,,exact,,wikipedia,
IT,Gartner,2017-04-05,,exact,,wikipedia,
ITT,ITT Industries Inc.,,2011-12-31,,no_later_than,,edgar
ITW,Illinois Tool Works,1986-02-28,,exact,,wikipedia,
IVZ,Invesco,2008-08-21,,exact,,wikipedia,
J,Jacobs Solutions,2007-10-26,,exact,,wikipedia,
JAVA,Sun Microsystems Inc.(1),,2010-03-31,,no_later_than,,edgar
JBHT,J.B. Hunt,2015-07-01,,exact,,wikipedia,
JBL,Jabil,,2014-11-05,,exact,,wikipedia
JBL,Jabil,2023-12-18,,exact,,wikipedia,
JCI,Johnson Controls,2010-08-27,,exact,,wikipedia,
JCP,J.C. Penney Co. Inc.,2007-12-31,2013-12-31,no_later_than,no_later_than,edgar,edgar
JDSU,JDS Uniphase,2000-07-27,2013-12-23,exact,exact,wikipedia,wikipedia
JEC,Jacobs Engineering Group,2007-10-26,2019-12-31,exact,no_later_than,wikipedia,edgar
JEF,Jefferies Financial Group,2007-09-30,2019-09-26,no_later_than,exact,edgar,wikipedia
JKHY,Jack Henry & Associates,2018-11-13,,exact,,wikipedia,
JNJ,Johnson & Johnson,1973-06-30,,exact,,wikipedia,
JNPR,Juniper Networks,2006-06-02,2025-07-09,exact,exact,wikipedia,wikipedia
JNS,Janus Capital Group,,2011-11-18,,exact,,wikipedia
JNY,Jones Apparel Group,,2009-03-03,,exact,,wikipedia
JOY,Joy Global,,2015-10-07,,exact,,wikipedia
JOYG,Joy Global,2011-02-25,unknown,exact,,wikipedia,
JPM,JPMorgan Chase,1975-06-30,,exact,,wikipedia,
JWN,Nordstrom,,2020-06-22,,exact,,wikipedia
K,Kellanova,,2025-12-11,,exact,,wikipedia
KBH,KB Home,,2009-12-18,,exact,,wikipedia
KDP,Dr. Pepper Snapple Group Inc.(a),2008-12-31,2018-09-30,no_later_than,no_later_than,edgar,edgar
KDP,Keurig Dr Pepper,2022-06-21,,exact,,wikipedia,
KEY,KeyCorp,1994-03-01,,exact,,wikipedia,
KEYS,Keysight Technologies,2018-11-06,,exact,,wikipedia,
KFT,Kraft Foods,2007-03-30,2012-10-02,exact,exact,wikipedia,wikipedia
KG,King Pharmaceuticals,,2010-12-17,,exact,,wikipedia
KHC,H.J. Heinz Co.,2007-12-31,2013-06-30,no_later_than,no_later_than,edgar,edgar
KHC,Kraft Heinz,2015-07-06,,exact,,wikipedia,
KIM,Kimco Realty,2006-04-04,,exact,,wikipedia,
KKR,KKR & Co.,2024-06-24,,exact,,wikipedia,
KLAC,KLA Corporation,1997-09-30,,exact,,wikipedia,
KMB,Kimberly-Clark,1957-03-04,,exact,,wikipedia,
KMI,Kinder Morgan Inc.,,2007-06-30,,no_later_than,,edgar
KMI,Kinder Morgan,2012-05-25,,exact,,wikipedia,
KMX,CarMax,2010-06-28,2025-10-31,exact,exact,wikipedia,wikipedia
KO,Coca-Cola Company (The),1957-03-04,,exact,,wikipedia,
KODK,Eastman Kodak Co.,,2010-12-31,,no_later_than,,edgar
KORS,Michael Kors,2013-11-13,unknown,exact,,wikipedia,
KR,Kroger,1957-03-04,,exact,,wikipedia,
KRFT,Kraft Foods,2012-10-02,2015-07-06,exact,exact,wikipedia,wikipedia
KSE,KeySpan,,2007-08-24,,exact,,wikipedia
KSS,Kohl's,,2020-09-21,,exact,,wikipedia
KSU,Kansas City Southern,2013-05-23,2021-12-14,exact,exact,wikipedia,wikipedia
KVUE,Kenvue,2023-08-25,,exact,,wikipedia,
L,Loews Corporation,1995-05-31,,exact,,wikipedia,
LB,L Brands Inc.,2013-03-31,2021-09-30,no_later_than,no_later_than,edgar,edgar
LDOS,SAIC Inc.(a),2009-12-31,2013-12-31,no_later_than,no_later_than,edgar,edgar
LDOS,Leidos,2019-08-09,,exact,,wikipedia,
LDW,Laidlaw,,1999-12-08,,exact,,wikipedia
LEG,Leggett & Platt,,2021-12-20,,exact,,wikipedia
LEH,Lehman Brothers,,2008-09-16,,exact,,wikipedia
LEN,Lennar,2005-10-04,,exact,,wikipedia,
LH,Labcorp,2004-11-01,,exact,,wikipedia,
LHX,L3Harris,2008-09-22,,exact,,wikipedia,
LIFE,Life Technologies,2008-12-31,2014-01-24,no_later_than,exact,edgar,wikipedia
LII,Lennox International,2024-12-23,,exact,,wikipedia,
LIN,Linde plc,1992-07-01,,exact,,wikipedia,
LITE,Lumentum,2026-03-23,,exact,,wikipedia,
LIZ,Liz Claiborne Inc.,,2008-12-31,,no_later_than,,edgar
LKQ,LKQ Corporation,2016-05-23,2025-12-22,exact,exact,wikipedia,wikipedia
LLL,L3 Technologies,,2019-07-01,,exact,,wikipedia
LLTC,Linear Technology,,2017-03-13,,exact,,wikipedia
LLY,Lilly (Eli),1970-12-31,,exact,,wikipedia,
LM,Legg Mason,2006-06-30,2016-12-02,no_later_than,exact,edgar,wikipedia
LMT,Lockheed Martin,1957-03-04,,exact,,wikipedia,
LNC,Lincoln National Corporation,,2023-09-18,,exact,,wikipedia
LNT,Alliant Energy,2016-07-01,,exact,,wikipedia,
LO,Lorillard Tobacco Company,2008-06-10,2015-06-11,exact,exact,wikipedia,wikipedia
LOW,Lowe's,1984-02-29,,exact,,wikipedia,
LPX,Louisiana-Pacific Corp.,,2006-12-31,,no_later_than,,edgar
LRCX,Lam Research,2012-06-29,,exact,,wikipedia,
LSI,LSI Corporation,2007-06-30,2014-05-08,no_later_than,exact,edgar,wikipedia
LUK,Leucadia National,2007-08-24,unknown,exact,,wikipedia,
LULU,Lululemon Athletica,2023-10-18,,exact,,wikipedia,
LUMN,Lumen Technologies,,2023-03-20,,exact,,wikipedia
LUMN,CenturyTel Inc.,2020-09-30,2023-03-31,no_later_than,no_later_than,edgar,edgar
LUTHP,Lucent Technologies Inc.(1),,2006-12-31,,no_later_than,,edgar
LUV,Southwest Airlines,1994-07-01,,exact,,wikipedia,
LVLT,Level 3 Communications,2014-11-05,2017-10-13,exact,exact,wikipedia,wikipedia
LVS,Las Vegas Sands,2019-10-03,,exact,,wikipedia,
LW,Lamb Weston,2018-12-03,2026-03-23,exact,exact,wikipedia,wikipedia
LXK,Lexmark,,2012-10-01,,exact,,wikipedia
LYB,LyondellBasell,2012-09-05,,exact,,wikipedia,
LYV,Live Nation Entertainment,2019-12-23,,exact,,wikipedia,
M,Macy's,,2020-04-06,,exact,,wikipedia
MA,Mastercard,2008-07-18,,exact,,wikipedia,
MAA,Mid-America Apartment Communities,2016-12-02,,exact,,wikipedia,
MAC,Macerich,2013-05-08,2019-12-23,exact,exact,wikipedia,wikipedia
MAR,Marriott International,1998-05-29,,exact,,wikipedia,
MAS,Masco,1981-06-30,,exact,,wikipedia,
MAT,Mattel,,2019-06-07,,exact,,wikipedia
MBC,MasterBrand,2022-12-15,2022-12-19,exact,exact,wikipedia,wikipedia
MBI,MBIA,,2009-12-18,,exact,,wikipedia
MCD,McDonald's,1970-06-30,,exact,,wikipedia,
MCHP,Microchip Technology,2007-09-07,,exact,,wikipedia,
MCK,McKesson Corporation,,1994-09-30,,exact,,wikipedia
MCK,McKesson Corporation,1999-01-13,,exact,,wikipedia,
MCO,Moody's Corporation,1998-07-01,,exact,,wikipedia,
MDLZ,Mondelez International,2012-10-02,,exact,,wikipedia,
MDP,Meredith Corp,,2011-01-03,,exact,,wikipedia
MDT,Medtronic,1986-10-31,,exact,,wikipedia,
MEE,Massey Energy,2008-06-23,2011-06-01,exact,exact,wikipedia,wikipedia
MET,MetLife,2000-12-11,,exact,,wikipedia,
META,Meta Platforms,2013-12-23,,exact,,wikipedia,
MFE,McAfee,2008-12-31,2011-02-28,no_later_than,exact,edgar,wikipedia
MGM,MGM Resorts,2017-07-26,,exact,,wikipedia,
MHK,Mohawk Industries,2013-12-23,2025-12-22,exact,exact,wikipedia,wikipedia
MHS,Medco Health Solutions,,2012-04-03,,exact,,wikipedia
MI,Marshall & Ilsley,,2011-07-05,,exact,,wikipedia
MIL,Millipore,,2010-07-14,,exact,,wikipedia
MJN,Mead Johnson,2009-12-18,2017-06-19,exact,exact,wikipedia,wikipedia
MKC,McCormick & Company,2003-03-20,,exact,,wikipedia,
MKTX,MarketAxess,2019-07-01,2025-09-22,exact,exact,wikipedia,wikipedia
MLM,Martin Marietta Materials,2014-07-02,,exact,,wikipedia,
MMC,Marsh & McLennan Companies Inc,2019-09-30,2026-03-31,no_later_than,no_later_than,edgar,edgar
MMI,Motorola Mobility,2011-01-03,2012-05-21,exact,exact,wikipedia,wikipedia
MMM,3M,1957-03-04,,exact,,wikipedia,
MNK,Mallinckrodt,2014-08-18,2017-07-26,exact,exact,wikipedia,wikipedia
MNST,Monster Beverage,2012-06-28,,exact,,wikipedia,
MO,Altria,1957-03-04,,exact,,wikipedia,
MOH,Molina Healthcare,2022-03-02,2026-03-23,exact,exact,wikipedia,wikipedia
MOLX,Molex,,2013-12-10,,exact,,wikipedia
MON,Monsanto,,2018-06-07,,exact,,wikipedia
MOS,Mosaic Company (The),2011-09-26,,exact,,wikipedia,
MPC,Marathon Petroleum,2011-07-01,,exact,,wikipedia,
MPWR,Monolithic Power Systems,2021-02-12,,exact,,wikipedia,
MRK,Merck & Co.,1957-03-04,,exact,,wikipedia,
MRNA,Moderna,2021-07-21,,exact,,wikipedia,
MRO,Marathon Oil,,2024-11-26,,exact,,wikipedia
MRSH,Marsh McLennan,1987-08-31,,exact,,wikipedia,
MRVL,Marvell Technology,2026-06-22,,exact,,wikipedia,
MS,Morgan Stanley,1993-07-29,,exact,,wikipedia,
MSCI,MSCI,2018-04-04,,exact,,wikipedia,
MSFT,Microsoft,1994-06-01,,exact,,wikipedia,
MSI,Motorola Solutions,1957-03-04,,exact,,wikipedia,
MTB,M&T Bank,2004-02-23,,exact,,wikipedia,
MTCH,IAC/InterActiveCorp(a),2006-12-31,2008-09-30,no_later_than,no_later_than,edgar,edgar
MTCH,Match Group,2021-09-20,2026-03-23,exact,exact,wikipedia,wikipedia
MTD,Mettler Toledo,2016-09-06,,exact,,wikipedia,
MTG,MGIC Investment Corp.,,2008-12-31,,no_later_than,,edgar
MTW,Manitowoc Co. Inc. (The),2007-12-31,2009-09-30,no_later_than,no_later_than,edgar,edgar
MU,Micron Technology,1994-09-27,,exact,,wikipedia,
MUR,Murphy Oil,,2017-07-26,,exact,,wikipedia
MWV,MeadWestvaco Corp.,,2015-09-30,,no_later_than,,edgar
MWW,Monster Worldwide,,2011-12-16,,exact,,wikipedia
MXIM,Maxim Integrated,,2007-09-27,,exact,,wikipedia
MXIM,Maxim Integrated,2018-12-03,2021-08-30,exact,exact,wikipedia,wikipedia
MYL,Mylan Inc.,2007-12-31,2020-12-31,no_later_than,no_later_than,edgar,edgar
NAVI,Navient,2014-05-01,2018-06-05,exact,exact,wikipedia,wikipedia
NBL,Noble Energy,2007-12-31,2020-10-12,no_later_than,exact,edgar,wikipedia
NBR,Nabors Industries,,2015-03-23,,exact,,wikipedia
NCC,National City,1994-09-30,unknown,exact,,wikipedia,
NCLH,Norwegian Cruise Line Holdings,2017-10-13,,exact,,wikipedia,
NCR,NCR Corporation,,2007-10-01,,exact,,wikipedia
NDAQ,"Nasdaq, Inc.",2008-10-22,,exact,,wikipedia,
NDOI,Endo International PLC,2015-03-31,2017-03-31,no_later_than,no_later_than,edgar,edgar
NDSN,Nordson Corporation,2022-02-15,,exact,,wikipedia,
NE,Noble Corporation,,2015-07-20,,exact,,wikipedia
NEE,NextEra Energy,1976-06-30,,exact,,wikipedia,
NEM,Newmont,1969-06-30,,exact,,wikipedia,
NFLX,Netflix,2010-12-20,,exact,,wikipedia,
NFX,Newfield Exploration,2010-12-17,2019-02-15,exact,exact,wikipedia,wikipedia
NI,NiSource,2000-11-02,,exact,,wikipedia,
NKE,"Nike, Inc.",1988-11-30,,exact,,wikipedia,
NKTR,Nektar Therapeutics,2018-03-19,2019-10-03,exact,exact,wikipedia,wikipedia
NLOK,NortonLifeLock Inc,2019-12-31,2022-12-31,no_later_than,no_later_than,edgar,edgar
NLSN,Nielsen Holdings,2013-07-08,2022-10-12,exact,exact,wikipedia,wikipedia
NOC,Northrop Grumman,1957-03-04,,exact,,wikipedia,
NOV,Nov,,2021-09-20,,exact,,wikipedia
NOVL,Novell,,2011-04-27,,exact,,wikipedia
NOW,ServiceNow,2019-11-21,,exact,,wikipedia,
NRG,NRG Energy,2010-01-29,,exact,,wikipedia,
NSC,Norfolk Southern,1957-03-04,,exact,,wikipedia,
NSM,National Semiconductor,,2011-09-23,,exact,,wikipedia
NTAP,NetApp,1999-06-25,,exact,,wikipedia,
NTRS,Northern Trust,1998-01-30,,exact,,wikipedia,
NUE,Nucor,1985-04-30,,exact,,wikipedia,
NVDA,Nvidia,2001-11-30,,exact,,wikipedia,
NVLS,Novellus Systems,,2012-06-05,,exact,,wikipedia
NVR,"NVR, Inc.",2019-09-26,,exact,,wikipedia,
NWL,Newell Brands,,2023-09-18,,exact,,wikipedia
NWS,News Corp (Class B),2015-09-18,,exact,,wikipedia,
NWSA,News Corp (Class A),2013-08-01,,exact,,wikipedia,
NXPI,NXP Semiconductors,2021-03-22,,exact,,wikipedia,
NYT,The New York Times Company,,2010-12-17,,exact,,wikipedia
NYX,NYSE Euronext,2007-12-31,2013-11-13,no_later_than,exact,edgar,wikipedia
O,Realty Income,2015-04-07,,exact,,wikipedia,
ODFL,Old Dominion,2019-12-09,,exact,,wikipedia,
ODP,Office Depot,,2010-12-17,,exact,,wikipedia
OGN,Organon & Co.,2021-06-03,2023-10-18,exact,exact,wikipedia,wikipedia
OI,Owens-Illinois,,2000-12-05,,exact,,wikipedia
OI,Owens-Illinois,2008-12-31,2016-12-02,exact,exact,wikipedia,wikipedia
OKE,Oneok,2010-03-15,,exact,,wikipedia,
OMC,Omnicom Group,1997-12-31,,exact,,wikipedia,
OMX,OfficeMax,,2008-06-23,,exact,,wikipedia
ON,ON Semiconductor,2022-06-21,,exact,,wikipedia,
ORCL,Oracle Corporation,1989-08-31,,exact,,wikipedia,
ORLY,O'Reilly Automotive,2009-03-27,,exact,,wikipedia,
OTIS,Otis Worldwide,2020-04-03,,exact,,wikipedia,
OXY,Occidental Petroleum,1957-03-04,,exact,,wikipedia,
PANW,Palo Alto Networks,2023-06-20,,exact,,wikipedia,
PARA,Paramount Global,2022-03-31,2025-09-30,no_later_than,no_later_than,edgar,edgar
PAYC,Paycom,2020-01-28,2026-03-23,exact,exact,wikipedia,wikipedia
PAYX,Paychex,1998-10-01,,exact,,wikipedia,
PBCT,People's United Financial,2008-12-31,2022-04-04,no_later_than,exact,edgar,wikipedia
PBG,Pepsi Bottling Group Inc.,,2010-03-31,,no_later_than,,edgar
PBI,Pitney Bowes,,2017-03-01,,exact,,wikipedia
PCAR,Paccar,1980-12-31,,exact,,wikipedia,
PCG,PG&E Corporation,,2019-01-18,,exact,,wikipedia
PCG,PG&E Corporation,2022-10-03,,exact,,wikipedia,
PCL,Plum Creek Timber,,2016-02-22,,exact,,wikipedia
PCLN,Priceline.com,2009-11-03,unknown,exact,,wikipedia,
PCP,Precision Castparts Corporation,2007-06-30,2016-02-01,no_later_than,exact,edgar,wikipedia
PCS,MetroPCS,2009-06-29,2013-04-30,exact,exact,wikipedia,wikipedia
PDCO,Patterson Companies,,2018-03-19,,exact,,wikipedia
PEAK,Healthpeak Properties Inc,2019-12-31,2024-03-31,no_later_than,no_later_than,edgar,edgar
PEG,Public Service Enterprise Group,1957-03-04,,exact,,wikipedia,
PENN,Penn Entertainment,2021-03-22,2022-09-19,exact,exact,wikipedia,wikipedia
PEP,PepsiCo,1957-03-04,,exact,,wikipedia,
PETM,PetSmart,2012-10-10,2015-03-12,exact,exact,wikipedia,wikipedia
PFE,Pfizer,1957-03-04,,exact,,wikipedia,
PFG,Principal Financial Group,2002-07-22,,exact,,wikipedia,
PG,Procter & Gamble,1957-03-04,,exact,,wikipedia,
PGN,Progress Energy,,2012-07-02,,exact,,wikipedia
PGR,Progressive Corporation,1997-08-04,,exact,,wikipedia,
PH,Parker Hannifin,1985-11-30,,exact,,wikipedia,
PHM,PulteGroup,1984-04-30,,exact,,wikipedia,
PKG,Packaging Corporation of America,2017-07-26,,exact,,wikipedia,
PKI,PerkinElmer Inc.,,2023-06-30,,no_later_than,,edgar
PLD,Prologis,2003-07-17,,exact,,wikipedia,
PLL,Pall Corporation,,2015-08-28,,exact,,wikipedia
PLTR,Palantir Technologies,2024-09-23,,exact,,wikipedia,
PM,Philip Morris International,2008-03-31,,exact,,wikipedia,
PMCS,PMC-Sierra Inc.(1),,2007-06-30,,no_later_than,,edgar
PNC,PNC Financial Services,1988-04-30,,exact,,wikipedia,
PNR,Pentair,2012-10-01,,exact,,wikipedia,
PNW,Pinnacle West Capital,1999-10-04,,exact,,wikipedia,
PODD,Insulet Corporation,2023-03-15,,exact,,wikipedia,
POM,Pepco Holdings,2007-12-31,2016-03-30,no_later_than,exact,edgar,wikipedia
POOL,Pool Corporation,2020-10-07,2026-06-22,exact,exact,wikipedia,wikipedia
PPG,PPG Industries,1957-03-04,,exact,,wikipedia,
PPL,PPL Corporation,2001-10-01,,exact,,wikipedia,
PRGO,Perrigo,2011-12-16,2021-09-20,exact,exact,wikipedia,wikipedia
PRU,Prudential Financial,2002-07-22,,exact,,wikipedia,
PSA,Public Storage,2005-08-19,,exact,,wikipedia,
PSKY,Paramount Skydance Corporation,1994-09-30,,exact,,wikipedia,
PSX,Phillips 66,2012-05-01,,exact,,wikipedia,
PTC,Parametric Technology Corp.(1),,2006-12-31,,no_later_than,,edgar
PTC,PTC Inc.,2021-04-20,,exact,,wikipedia,
PTV,Pactiv,,2010-11-17,,exact,,wikipedia
PVH,PVH,2013-02-15,2022-09-19,exact,exact,wikipedia,wikipedia
PWR,Quanta Services,2009-07-01,,exact,,wikipedia,
PX,Praxair Inc.,,2018-12-31,,no_later_than,,edgar
PXD,Pioneer Natural Resources,2008-09-30,2024-05-08,no_later_than,exact,edgar,wikipedia
PYPL,PayPal,2015-07-20,,exact,,wikipedia,
Q,Qnity Electronics,,2011-03-31,,exact,,wikipedia
Q,Qnity Electronics,2017-08-29,2017-11-15,exact,exact,wikipedia,wikipedia
Q,Qnity Electronics,2025-11-03,,exact,,wikipedia,
QCOM,Qualcomm,1999-07-22,,exact,,wikipedia,
QEP,QEP Resources,2010-06-30,2015-07-01,exact,exact,wikipedia,wikipedia
QLGC,QLogic Corp.(1),,2011-03-31,,no_later_than,,edgar
QRVO,Qorvo,2015-06-11,2024-12-23,exact,exact,wikipedia,wikipedia
QTRN,Quintiles Transnational,,2003-09-25,,exact,,wikipedia
R,Ryder System,,2017-06-19,,exact,,wikipedia
RAD,Rite Aid,,2000-07-27,,exact,,wikipedia
RAI,Reynolds American,,2017-07-26,,exact,,wikipedia
RAL,Ralliant Corp.,2025-06-30,2025-09-30,no_later_than,no_later_than,edgar,edgar
RCL,Royal Caribbean Group,2014-12-05,,exact,,wikipedia,
RDC,Rowan Companies,,2014-08-18,,exact,,wikipedia
RDDT,Reddit,2026-08-18,,exact,,wikipedia,
RE,Everest Re Group,2017-06-19,2023-07-10,exact,exact,wikipedia,wikipedia
REG,Regency Centers,2017-03-02,,exact,,wikipedia,
REGN,Regeneron Pharmaceuticals,2013-05-01,,exact,,wikipedia,
RF,Regions Financial Corporation,1998-08-28,,exact,,wikipedia,
RHI,Robert Half,,2024-06-24,,exact,,wikipedia
RHT,Red Hat,2009-09-30,2019-07-15,no_later_than,exact,edgar,wikipedia
RIG,Transocean Inc.(1),,2008-12-31,,no_later_than,,edgar
RIG,Transocean,2013-10-29,2017-07-26,exact,exact,wikipedia,wikipedia
RJF,Raymond James Financial,2017-03-20,,exact,,wikipedia,
RL,Ralph Lauren Corporation,2007-02-02,,exact,,wikipedia,
RLGY,Realogy Corp. (1),2006-09-30,2007-06-30,no_later_than,no_later_than,edgar,edgar
RMD,ResMed|,2017-07-26,,exact,,wikipedia,
ROK,Rockwell Automation,2000-03-12,,exact,,wikipedia,
ROL,"Rollins, Inc.",2018-10-01,,exact,,wikipedia,
ROP,Roper Technologies,2009-12-23,,exact,,wikipedia,
ROST,Ross Stores,2009-12-21,,exact,,wikipedia,
RRC,Range Resources,2007-12-20,2018-06-18,exact,exact,wikipedia,wikipedia
RRD,RR Donnelley,,2012-12-11,,exact,,wikipedia
RSG,Republic Services,2008-12-05,,exact,,wikipedia,
RSH,RadioShack,,2011-06-30,,exact,,wikipedia
RTN,Raytheon Company,,2020-04-06,,exact,,wikipedia
RTX,RTX Corporation,1957-03-04,,exact,,wikipedia,
RVTY,Revvity,1985-05-31,,exact,,wikipedia,
RX,IMS Health,,2010-02-26,,exact,,wikipedia
S,Sprint Nextel,,2013-07-08,,exact,,wikipedia
SABR,Sabre Holdings Corp.,,2007-06-30,,no_later_than,,edgar
SAI,SAIC,2009-12-18,2013-09-20,exact,exact,wikipedia,wikipedia
SANM,Sanmina-SCI Corp.(1),,2007-06-30,,no_later_than,,edgar
SATS,EchoStar,2026-03-23,unknown,exact,,wikipedia,
SBAC,SBA Communications,2017-09-01,,exact,,wikipedia,
SBL,Symbol Technologies,2000-12-05,2007-01-10,exact,exact,wikipedia,wikipedia
SBNY,Signature Bank,2021-12-20,2023-03-15,exact,exact,wikipedia,wikipedia
SBUX,Starbucks,2000-06-07,,exact,,wikipedia,
SCG,SCANA,2008-12-31,2019-01-02,no_later_than,exact,edgar,wikipedia
SCHW,Charles Schwab Corporation,1997-06-02,,exact,,wikipedia,
SE,Spectra Energy,,2017-02-28,,exact,,wikipedia
SEDG,SolarEdge,2021-12-20,2023-12-18,exact,exact,wikipedia,wikipedia
SEE,Sealed Air,,2023-12-18,,exact,,wikipedia
SGP,Schering-Plough,,2009-11-03,,exact,,wikipedia
SHLD,Sears Holdings,,2012-09-05,,exact,,wikipedia
SHW,Sherwin-Williams,1964-06-30,,exact,,wikipedia,
SIAL,Sigma-Aldrich,,2015-11-19,,exact,,wikipedia
SIG,Signet Jewelers,2015-07-29,2018-03-19,exact,exact,wikipedia,wikipedia
SII,Smith International,2006-09-30,2010-08-26,no_later_than,exact,edgar,wikipedia
SIVB,SVB Financial Group,2018-03-19,2023-03-15,exact,exact,wikipedia,wikipedia
SJM,J.M. Smucker Company (The),2008-11-06,,exact,,wikipedia,
SLB,Schlumberger,1957-03-04,,exact,,wikipedia,
SLE,Sara Lee Corporation,,2012-06-29,,exact,,wikipedia
SLG,SL Green Realty,2015-03-23,2021-03-22,exact,exact,wikipedia,wikipedia
SLM,SLM Corporation,,2014-05-01,,exact,,wikipedia
SLR,Solectron,,2007-10-02,,exact,,wikipedia
SMCI,Supermicro,2024-03-18,,exact,,wikipedia,
SMS,Shared Medical Systems,,2000-06-07,,exact,,wikipedia
SNA,Snap-on,1982-09-30,,exact,,wikipedia,
SNDK,Sandisk,2006-06-30,2016-05-13,no_later_than,exact,edgar,wikipedia
SNDK,Sandisk,2025-11-28,,exact,,wikipedia,
SNI,Scripps Networks Interactive,2008-09-30,2018-03-07,no_later_than,exact,edgar,wikipedia
SNPS,Synopsys,2017-03-16,,exact,,wikipedia,
SNV,Synovus Financial Corp.,,2008-03-31,,no_later_than,,edgar
SO,Southern Company,1957-03-04,,exact,,wikipedia,
SOLS,Solstice Advanced Materials,2025-10-30,2025-12-22,exact,exact,wikipedia,wikipedia
SOLV,Solventum,2024-04-01,,exact,,wikipedia,
SPG,Simon Property Group,2002-06-26,,exact,,wikipedia,
SPGI,S&P Global,1957-03-04,,exact,,wikipedia,
SPLS,Staples,,2017-09-18,,exact,,wikipedia
SRCL,Stericycle,2008-12-31,2018-12-03,no_later_than,exact,edgar,wikipedia
SRE,Sempra,2017-03-17,,exact,,wikipedia,
SSP,E.W. Scripps Co. Class A,2007-12-31,2008-09-30,no_later_than,no_later_than,edgar,edgar
STE,Steris,2019-12-23,,exact,,wikipedia,
STI,SunTrust Banks,,2019-12-09,,exact,,wikipedia
STJ,St Jude Medical,,2017-01-05,,exact,,wikipedia
STLD,Steel Dynamics,2022-12-22,,exact,,wikipedia,
STR,Questar,2006-12-31,2010-06-30,no_later_than,exact,edgar,wikipedia
STT,State Street Corporation,2003-03-14,,exact,,wikipedia,
STX,Seagate Technology,2012-07-02,,exact,,wikipedia,
STZ,Constellation Brands,2005-07-01,,exact,,wikipedia,
SUN,Sunoco,,1998-12-11,,exact,,wikipedia
SUN,Sunoco,,2012-10-10,,exact,,wikipedia
SVU,Supervalu,,2012-04-23,,exact,,wikipedia
SW,Smurfit Westrock,2024-07-08,,exact,,wikipedia,
SWK,Stanley Black & Decker,1982-09-30,,exact,,wikipedia,
SWKS,Skyworks Solutions,2015-03-12,,exact,,wikipedia,
SWN,Southwestern Energy,2008-06-30,2017-04-04,no_later_than,exact,edgar,wikipedia
SWY,Safeway,,2015-01-27,,exact,,wikipedia
SYF,Synchrony Financial,2015-11-18,,exact,,wikipedia,
SYK,Stryker Corporation,2000-12-12,,exact,,wikipedia,
SYMC,Symantec Corp.(1),,2019-12-31,,no_later_than,,edgar
SYY,Sysco,1986-12-31,,exact,,wikipedia,
T,AT&T,,2005-11-18,,exact,,wikipedia
T,AT&T,1983-11-30,,exact,,wikipedia,
TAP,Molson Coors Beverage Company,1976-06-30,,exact,,wikipedia,
TDC,Teradata,2007-10-01,2017-06-19,exact,exact,wikipedia,wikipedia
TDG,TransDigm Group,2016-06-03,,exact,,wikipedia,
TDY,Teledyne Technologies,2020-06-22,,exact,,wikipedia,
TE,TECO Energy,,2016-07-01,,exact,,wikipedia
TECH,Bio-Techne,2021-08-30,,exact,,wikipedia,
TEG,Integrys Energy Group,,2015-07-01,,exact,,wikipedia
TEL,TE Connectivity,2007-09-30,2009-06-25,no_later_than,exact,edgar,wikipedia
TEL,TE Connectivity,2011-10-17,,exact,,wikipedia,
TER,Teradyne,,2013-12-23,,exact,,wikipedia
TER,Teradyne,2020-09-21,,exact,,wikipedia,
TEX,Terex Corp.(a),2006-12-31,2008-12-31,no_later_than,no_later_than,edgar,edgar
TFC,Truist Financial,1997-12-04,,exact,,wikipedia,
TFX,Teleflex,2019-01-18,2025-03-24,exact,exact,wikipedia,wikipedia
TGNA,Tegna,2015-06-30,2017-06-02,no_later_than,exact,edgar,wikipedia
TGT,Target Corporation,1976-12-31,,exact,,wikipedia,
THC,Tenet Healthcare,,2016-04-18,,exact,,wikipedia
THI,Tim Hortons Inc.,2006-09-30,2006-12-31,no_later_than,no_later_than,edgar,edgar
TIE,Titanium Metals,2007-12-31,2012-12-21,no_later_than,exact,edgar,wikipedia
TIF,Tiffany & Co,,2021-01-07,,exact,,wikipedia
TIN,Temple-Inland Inc.,,2007-12-31,,no_later_than,,edgar
TJX,TJX Companies,1985-09-30,,exact,,wikipedia,
TKO,TKO Group Holdings,2025-03-24,,exact,,wikipedia,
TLAB,Tellabs,,2011-12-20,,exact,,wikipedia
TMC,Times Mirror,,2000-06-12,,exact,,wikipedia
TMO,Thermo Fisher Scientific,2004-08-03,,exact,,wikipedia,
TMUS,MetroPCS Communications Inc.(a),2009-06-30,2013-06-30,no_later_than,no_later_than,edgar,edgar
TMUS,T-Mobile US,2019-07-15,,exact,,wikipedia,
TNL,Wyndham Worldwide Corp. (1),2006-09-30,2018-09-30,no_later_than,no_later_than,edgar,edgar
TPL,Texas Pacific Land Corporation,2024-11-26,,exact,,wikipedia,
TPR,"Tapestry, Inc.",2004-09-01,,exact,,wikipedia,
TRB,Tribune Media,,2007-12-20,,exact,,wikipedia
TRGP,Targa Resources,2022-10-12,,exact,,wikipedia,
TRIP,TripAdvisor,2011-12-20,2019-12-23,exact,exact,wikipedia,wikipedia
TRMB,Trimble Inc.,2021-01-21,,exact,,wikipedia,
TROW,T. Rowe Price,2019-07-29,,exact,,wikipedia,
TRV,Travelers Companies (The),2002-08-21,,exact,,wikipedia,
TSCO,Tractor Supply,2014-01-24,,exact,,wikipedia,
TSG,Sabre Corporation,,2007-03-30,,exact,,wikipedia
TSLA,"Tesla, Inc.",2020-12-21,,exact,,wikipedia,
TSN,Tyson Foods,2005-08-10,,exact,,wikipedia,
TSO,Tesoro Corporation,2007-09-27,2017-09-30,exact,no_later_than,wikipedia,edgar
TSS,TSYS,2007-12-31,2019-09-23,no_later_than,exact,edgar,wikipedia
TT,Trane Technologies,2010-11-17,,exact,,wikipedia,
TTD,Trade Desk (The),2025-07-18,,exact,,wikipedia,
TTWO,Take-Two Interactive,2018-03-19,,exact,,wikipedia,
TWC,Time Warner Cable,2009-03-31,2016-05-18,no_later_than,exact,edgar,wikipedia
TWTR,Twitter,2018-06-07,2022-11-01,exact,exact,wikipedia,wikipedia
TWX,Time Warner,,2018-06-20,,exact,,wikipedia
TXN,Texas Instruments,2001-03-12,,exact,,wikipedia,
TXT,Textron,1978-12-31,,exact,,wikipedia,
TYC,Tyco International,2010-08-26,2016-09-06,exact,exact,wikipedia,wikipedia
TYL,Tyler Technologies,2020-06-22,,exact,,wikipedia,
UA,Under Armour (Class C),2014-05-01,2022-06-21,exact,exact,wikipedia,wikipedia
UAA,Under Armour (Class A),2019-09-30,2022-06-21,no_later_than,exact,edgar,wikipedia
UAL,United Airlines Holdings,2015-09-03,,exact,,wikipedia,
UBER,Uber,2023-12-18,,exact,,wikipedia,
UDR,"UDR, Inc.",2016-03-07,,exact,,wikipedia,
UHS,Universal Health Services,2014-09-20,,exact,,wikipedia,
UIS,Unisys Corp.(1),,2008-12-31,,no_later_than,,edgar
ULTA,Ulta Beauty,2016-04-18,,exact,,wikipedia,
UNH,UnitedHealth Group,1994-07-01,,exact,,wikipedia,
UNM,Unum,,2021-09-20,,exact,,wikipedia
UNP,Union Pacific Corporation,1957-03-04,,exact,,wikipedia,
UPS,United Parcel Service,2002-07-22,,exact,,wikipedia,
URBN,Urban Outfitters,2010-03-31,2017-03-20,no_later_than,exact,edgar,wikipedia
URI,United Rentals,2014-09-20,,exact,,wikipedia,
USB,U.S. Bancorp,1999-11-01,,exact,,wikipedia,
USL,USLife,,1997-06-17,,exact,,wikipedia
UTX,United Technologies Corp.,,2020-06-30,,no_later_than,,edgar
V,Visa Inc.,2009-12-21,,exact,,wikipedia,
VAL,ENSCO International Inc.,2007-03-31,2009-12-31,no_later_than,no_later_than,edgar,edgar
VAL,ENSCO International Inc.,2012-09-30,2016-03-31,no_later_than,no_later_than,edgar,edgar
VAR,Varian Medical Systems,2007-03-31,2021-04-20,no_later_than,exact,edgar,wikipedia
VEEV,Veeva Systems,2026-05-07,,exact,,wikipedia,
VFC,VF Corporation,,2024-04-03,,exact,,wikipedia
VIAB,Viacom,,2019-12-05,,exact,,wikipedia
VIAC,ViacomCBS Inc,2019-12-31,2022-03-31,no_later_than,no_later_than,edgar,edgar
VIAV,JDS Uniphase Corp.(1),,2013-12-31,,no_later_than,,edgar
VICI,Vici Properties,2022-06-08,,exact,,wikipedia,
VLO,Valero Energy,2002-12-20,,exact,,wikipedia,
VLTO,Veralto,2023-10-02,,exact,,wikipedia,
VMC,Vulcan Materials Company,1999-06-30,,exact,,wikipedia,
VMRK,Vivmark Residential,2001-12-03,,exact,,wikipedia,
VNO,Vornado Realty Trust,,2023-01-05,,exact,,wikipedia
VNT,Vontier,2020-10-09,2021-03-22,exact,exact,wikipedia,wikipedia
VRSK,Verisk Analytics,2015-10-08,,exact,,wikipedia,
VRSN,Verisign,2006-02-01,,exact,,wikipedia,
VRT,Vertiv,2026-03-23,,exact,,wikipedia,
VRTX,Vertex Pharmaceuticals,2013-09-23,,exact,,wikipedia,
VST,Vistra Corp.,2024-05-08,,exact,,wikipedia,
VTR,Ventas,2009-03-04,,exact,,wikipedia,
VTRS,Viatris,2004-04-23,,exact,,wikipedia,
VZ,Verizon,1983-11-30,,exact,,wikipedia,
WAB,Wabtec,2019-02-27,,exact,,wikipedia,
WAG,Walgreen Co.,,2014-12-31,,no_later_than,,edgar
WAT,Waters Corporation,2002-01-02,,exact,,wikipedia,
WB,Wachovia Bank,,2008-12-31,,exact,,wikipedia
WBA,Walgreens Boots Alliance,2014-12-31,2025-08-28,no_later_than,exact,edgar,wikipedia
WBD,Discovery Communications Inc. Series A,2010-03-31,2010-09-30,no_later_than,no_later_than,edgar,edgar
WBD,Discovery Communications Inc. Series A,2010-12-31,2019-09-30,no_later_than,no_later_than,edgar,edgar
WBD,Warner Bros. Discovery,2022-04-11,,exact,,wikipedia,
WCG,WellCare,2018-09-14,2020-01-28,exact,exact,wikipedia,wikipedia
WDAY,"Workday, Inc.",2024-12-23,,exact,,wikipedia,
WDC,Western Digital,2009-07-01,,exact,,wikipedia,
WEC,WEC Energy Group,2008-10-31,,exact,,wikipedia,
WELL,Welltower,2009-01-30,,exact,,wikipedia,
WEN,Wendy’s International Inc.,,2008-09-30,,no_later_than,,edgar
WFC,Wells Fargo,1976-06-30,,exact,,wikipedia,
WFM,Whole Foods Market,,2017-08-29,,exact,,wikipedia
WFR,MEMC Electronic Materials,2007-06-30,2011-12-16,no_later_than,exact,edgar,wikipedia
WFRD,Weatherford International Ltd.(1),,2009-03-31,,no_later_than,,edgar
WHR,Whirlpool Corporation,,2024-03-18,,exact,,wikipedia
WIN,Windstream Communications,2006-09-30,2015-04-07,no_later_than,exact,edgar,wikipedia
WLP,Wellpoint,1999-06-09,unknown,exact,,wikipedia,
WLTW,Willis Towers Watson,2016-01-05,2022-01-10,exact,exact,wikipedia,wikipedia
WM,Waste Management,1998-08-31,,exact,,wikipedia,
WMB,Williams Companies,1975-03-31,,exact,,wikipedia,
WMT,Walmart,1982-08-31,,exact,,wikipedia,
WNAPR,Wachovia Corp.,,2008-12-31,,no_later_than,,edgar
WPI,Watson Pharmaceuticals Inc.(1),,2013-03-31,,no_later_than,,edgar
WPX,WPX Energy,2011-12-31,2014-03-21,exact,exact,wikipedia,wikipedia
WRB,W. R. Berkley Corporation,2019-12-05,,exact,,wikipedia,
WRK,WestRock Co.,2015-09-30,2024-09-30,no_later_than,no_later_than,edgar,edgar
WSM,"Williams-Sonoma, Inc.",2025-03-24,,exact,,wikipedia,
WST,West Pharmaceutical Services,2020-05-22,,exact,,wikipedia,
WTW,Willis Towers Watson,2016-01-05,,exact,,wikipedia,
WU,Western Union,2006-12-31,2021-12-20,no_later_than,exact,edgar,wikipedia
WY,Weyerhaeuser,1979-10-01,,exact,,wikipedia,
WYE,Wyeth,,2009-12-31,,no_later_than,,edgar
WYN,Wyndham Worldwide,,2018-05-31,,exact,,wikipedia
WYNN,Wynn Resorts,2008-11-14,,exact,,wikipedia,
X,United States Steel,,2014-07-02,,exact,,wikipedia
XEC,Cimarex Energy,2014-06-20,2020-03-02,exact,exact,wikipedia,wikipedia
XEL,Xcel Energy,1957-03-04,,exact,,wikipedia,
XL,XL Group,,2018-09-14,,exact,,wikipedia
XLNX,Xilinx,,2022-02-15,,exact,,wikipedia
XOM,ExxonMobil,1957-03-04,,exact,,wikipedia,
XRAY,Dentsply Sirona,2008-12-31,2024-04-03,no_later_than,exact,edgar,wikipedia
XRX,Xerox,,2021-03-22,,exact,,wikipedia
XTO,XTO Energy,,2010-06-28,,exact,,wikipedia
XYL,Xylem Inc.,2011-11-01,,exact,,wikipedia,
XYZ,"Block, Inc.",2025-07-23,,exact,,wikipedia,
YHOO,Yahoo!,1999-12-08,2017-06-19,exact,exact,wikipedia,wikipedia
YUM,Yum! Brands,1997-10-06,,exact,,wikipedia,
ZBH,Zimmer Biomet,2001-08-07,,exact,,wikipedia,
ZBRA,Zebra Technologies,2019-12-23,,exact,,wikipedia,
ZION,Zions Bancorporation,,2024-03-18,,exact,,wikipedia
ZION,Zions Bancorporation,2018-12-31,2024-03-31,no_later_than,no_later_than,edgar,edgar
ZTS,Zoetis,2013-06-21,,exact,,wikipedia,
